{"loss": [9.540384292602539, 3.893489360809326, 3.682084321975708, 3.891995668411255, 3.4409213066101074, 2.983830451965332, 2.779435873031616, 2.4667694568634033, 2.625107765197754, 2.545518636703491, 2.0875699520111084, 2.1245787143707275, 2.681596517562866, 1.9427392482757568, 1.69363272190094, 1.5967098474502563, 1.7817137241363525, 1.3353188037872314, 1.4733896255493164, 1.3500674962997437, 1.2133033275604248, 1.271291732788086, 1.2122368812561035, 1.1074169874191284, 1.1579723358154297, 1.0286403894424438, 1.059586763381958, 1.1621503829956055, 1.0446745157241821, 0.9915093183517456], "accuracy": [0.038473766297101974, 0.06454689800739288, 0.0941176488995552, 0.14022257924079895, 0.19650238752365112, 0.24992050230503082, 0.3246423006057739, 0.3796502351760864, 0.4308426082134247, 0.47885531187057495, 0.5354530811309814, 0.5503974556922913, 0.5659777522087097, 0.5825119018554688, 0.6451510190963745, 0.6581876277923584, 0.6864864826202393, 0.7131955623626709, 0.7297297120094299, 0.7214626669883728, 0.7437201738357544, 0.7697933316230774, 0.7713831663131714, 0.7920508980751038, 0.8034976124763489, 0.8050874471664429, 0.7980921864509583, 0.8114467263221741, 0.8352941274642944, 0.8267090916633606], "val_loss": [3.529433488845825, 3.451939821243286, 3.1617348194122314, 2.830697536468506, 2.8507864475250244, 9.713354110717773, 2.101512908935547, 2.1284708976745605, 2.5957260131835938, 1.7146145105361938, 2.019709587097168, 2.0814740657806396, 4.449944972991943, 2.5847113132476807, 3.394984006881714, 9.337665557861328, 2.0158841609954834, 11.59827709197998, 1.5982624292373657, 1.9481405019760132, 2.567861318588257, 1.5744576454162598, 4.722670555114746, 10.811359405517578, 2.061492681503296, 1.53077232837677, 1.4172606468200684, 2.2320046424865723, 1.6045619249343872, 1.7323752641677856], "val_accuracy": [0.08547008782625198, 0.11396011710166931, 0.2421652376651764, 0.3390313386917114, 0.2849002778530121, 0.17094017565250397, 0.5384615659713745, 0.561253547668457, 0.5128205418586731, 0.6752136945724487, 0.6495726704597473, 0.6752136945724487, 0.5099714994430542, 0.6096866130828857, 0.6524216532707214, 0.31339031457901, 0.7264957427978516, 0.4444444477558136, 0.8461538553237915, 0.8404558300971985, 0.68660968542099, 0.8774929046630859, 0.6666666865348816, 0.48148149251937866, 0.8917378783226013, 0.8945869207382202, 0.9059829115867615, 0.8945869207382202, 0.8461538553237915, 0.9031339287757874]}