{"loss": [10.416428565979004, 3.568152904510498, 3.4487292766571045, 3.1663429737091064, 2.863342761993408, 2.5651917457580566, 2.1816065311431885, 1.8584522008895874, 1.4307835102081299, 1.1429736614227295, 0.9822124242782593, 0.7506746649742126, 0.6676167249679565, 0.5358492136001587, 0.4590623080730438, 0.3969390392303467, 0.38676315546035767, 0.30101901292800903, 0.3110937774181366, 0.2600049078464508, 0.21270045638084412, 0.1999664604663849, 0.24811379611492157, 0.23089638352394104, 0.23142395913600922, 0.21508876979351044, 0.22059503197669983, 0.18947827816009521, 0.18446986377239227, 0.16286657750606537, 0.1707410216331482, 0.12031717598438263], "accuracy": [0.031160572543740273, 0.046104926615953445, 0.06550079584121704, 0.1262321174144745, 0.20667727291584015, 0.28457871079444885, 0.3662956953048706, 0.4597774147987366, 0.5767885446548462, 0.6581876277923584, 0.7233704328536987, 0.7774244546890259, 0.8019077777862549, 0.844197154045105, 0.8616852164268494, 0.8791732788085938, 0.8842607140541077, 0.911605715751648, 0.9122416377067566, 0.9275040030479431, 0.9364069700241089, 0.9408584833145142, 0.9275040030479431, 0.9402225613594055, 0.9332273602485657, 0.937678873538971, 0.937678873538971, 0.9405405521392822, 0.9532591700553894, 0.9551669359207153, 0.9481716752052307, 0.9627981185913086], "val_loss": [3.566638231277466, 3.3980729579925537, 3.1128838062286377, 2.686040163040161, 1.9641220569610596, 1.603434443473816, 1.0296876430511475, 0.7244192957878113, 0.46276381611824036, 0.38521602749824524, 0.32139310240745544, 0.3076608180999756, 0.2952116131782532, 0.27927321195602417, 0.2154390811920166, 0.22896532714366913, 0.296857625246048, 0.28283554315567017, 0.280306339263916, 0.26722273230552673, 0.29572850465774536, 0.33262869715690613, 0.2515466511249542, 0.2734408378601074, 0.27526965737342834, 0.26687994599342346, 0.24931609630584717, 0.31085842847824097, 0.2511482238769531, 0.2257000058889389, 0.22915446758270264, 0.21756252646446228], "val_accuracy": [0.07122506946325302, 0.0683760717511177, 0.20512820780277252, 0.3076923191547394, 0.6039885878562927, 0.7179487347602844, 0.8262107968330383, 0.8945869207382202, 0.9316239356994629, 0.9430199265480042, 0.9373219609260559, 0.94017094373703, 0.9430199265480042, 0.9487179517745972, 0.9572649598121643, 0.9601139426231384, 0.9601139426231384, 0.9572649598121643, 0.9544159770011902, 0.9629629850387573, 0.9601139426231384, 0.9572649598121643, 0.9629629850387573, 0.9601139426231384, 0.9544159770011902, 0.9601139426231384, 0.9601139426231384, 0.9629629850387573, 0.9629629850387573, 0.9601139426231384, 0.9601139426231384, 0.9629629850387573]}