{"loss": [2.04414439201355, 1.4952642917633057, 1.181951880455017, 0.9971982836723328, 0.8439061045646667, 0.7152147889137268, 0.625395655632019, 0.5331851243972778, 0.4362926185131073, 0.36804428696632385, 0.3324230909347534, 0.28731462359428406, 0.23576566576957703, 0.20344886183738708, 0.1910889893770218, 0.17286115884780884, 0.1369156390428543, 0.11860688030719757, 0.12269094586372375, 0.11341264098882675, 0.10235651582479477, 0.09678223729133606, 0.07576985657215118, 0.09164571017026901, 0.07609838992357254, 0.08299942314624786, 0.06942640990018845, 0.05781461298465729, 0.08085852861404419, 0.06501983851194382], "accuracy": [0.25893154740333557, 0.4803004860877991, 0.5938230156898499, 0.6612687706947327, 0.7174457311630249, 0.760016679763794, 0.790317177772522, 0.8205342292785645, 0.8532554507255554, 0.8764607906341553, 0.8893155455589294, 0.9032554030418396, 0.9188647866249084, 0.9335559010505676, 0.9368948340415955, 0.9426544308662415, 0.9551752805709839, 0.9602671265602112, 0.960767924785614, 0.9626043438911438, 0.9681135416030884, 0.9686143398284912, 0.9748747944831848, 0.9710350632667542, 0.9760434031486511, 0.973038375377655, 0.9773789644241333, 0.9817195534706116, 0.9739565849304199, 0.9808847904205322], "val_loss": [1.708251714706421, 1.3402396440505981, 1.0873081684112549, 0.9003298282623291, 0.8636239171028137, 0.636425256729126, 0.6900743842124939, 0.6760871410369873, 0.5397913455963135, 0.7358826994895935, 0.5309751033782959, 0.4382426142692566, 0.5314857959747314, 0.4402756989002228, 0.4111586809158325, 0.343301385641098, 0.42800334095954895, 0.4111294150352478, 0.40749606490135193, 0.4133428633213043, 0.4199633300304413, 0.46176016330718994, 0.4554539620876312, 0.3618141710758209, 0.39496833086013794, 0.40918493270874023, 0.46695876121520996, 0.40162619948387146, 0.48460492491722107, 0.419253945350647], "val_accuracy": [0.37729549407958984, 0.5282136797904968, 0.6287145018577576, 0.680467426776886, 0.7075124979019165, 0.7956594228744507, 0.7749582529067993, 0.7746243476867676, 0.8240400552749634, 0.7636060118675232, 0.8387312293052673, 0.8644407391548157, 0.8641068339347839, 0.8637729287147522, 0.8804674744606018, 0.9008347392082214, 0.8774624466896057, 0.8884807825088501, 0.8911519050598145, 0.8891485929489136, 0.8928213715553284, 0.8904841542243958, 0.8921535611152649, 0.9011685848236084, 0.8981636166572571, 0.8914858102798462, 0.8824707865715027, 0.900166928768158, 0.8874791264533997, 0.903171956539154]}